{
    "camera_matrix": [
        [
            707.5386917619953,
            0.0,
            595.5152017182712
        ],
        [
            0.0,
            707.337891133076,
            316.7526516776862
        ],
        [
            0.0,
            0.0,
            1.0
        ]
    ],
    "distortion_coefficients": [
        -0.32943604564478973,
        0.13904719751722058,
        8.887472398430072e-05,
        -0.00015157613359849948,
        -0.03096230716777502
    ],
    "img_size": [
        1280,
        720
    ]
}