{
    "camera_matrix": [
        [
            710.0050904817579,
            0.0,
            618.5872241014243
        ],
        [
            0.0,
            709.8186949963757,
            263.96474983821014
        ],
        [
            0.0,
            0.0,
            1.0
        ]
    ],
    "distortion_coefficients": [
        -0.32821231246791255,
        0.1346320252600878,
        0.0003520944760614662,
        -1.0143815901399842e-05,
        -0.028285933108505332
    ],
    "img_size": [
        1280,
        720
    ]
}