{
    "camera_matrix": [
        [
            709.8024267308276,
            0.0,
            658.5670986685085
        ],
        [
            0.0,
            709.7141266780935,
            342.2898254579346
        ],
        [
            0.0,
            0.0,
            1.0
        ]
    ],
    "distortion_coefficients": [
        -0.32972344331563713,
        0.14043513443257905,
        9.585940223027812e-05,
        -0.00032023221897565146,
        -0.032064144390663685
    ],
    "img_size": [
        1280,
        720
    ]
}