{
    "camera_matrix": [
        [
            2020.9998550060363,
            0.0,
            829.3391310252325
        ],
        [
            0.0,
            2019.4131454655303,
            661.3081681154175
        ],
        [
            0.0,
            0.0,
            1.0
        ]
    ],
    "distortion_coefficients": 
    [
        -0.3752880551962296,
        0.2894553752359905,
        6.012627469220549e-4,
        -1.2998921542133223e-4,
        -0.22665813005715282,
        0.02148128268876718,
        -0.014206823447043536,
        0.007780130962588535
    ],
    "img_size":
    [
        1600,
        1200
    ]
}