{
    "camera_matrix": [
        [
            706.7762209651567,
            0.0,
            634.554093874219
        ],
        [
            0.0,
            706.9693473618001,
            303.38938469785836
        ],
        [
            0.0,
            0.0,
            1.0
        ]
    ],
    "distortion_coefficients": [
        -0.3308782244099724,
        0.14197695431979637,
        -8.20766239624142e-06,
        0.00011444203863221444,
        -0.03276047664488303
    ],
    "img_size": [
        1280,
        720
    ]
}