{
    "camera_matrix": [
        [
            708.2761171389376,
            0.0,
            593.6191970910709
        ],
        [
            0.0,
            708.4500488735885,
            367.74876213497777
        ],
        [
            0.0,
            0.0,
            1.0
        ]
    ],
    "distortion_coefficients": [
        -0.33056349768893944,
        0.13960070697482596,
        -3.741441682722864e-05,
        -0.0001356922589006513,
        -0.030897701930758314
    ],
    "img_size": [
        1280,
        720
    ]
}