{
    "camera_matrix": [
        [
            706.0777628646804,
            0.0,
            689.6023138653719
        ],
        [
            0.0,
            706.3723611251305,
            347.8766842209142
        ],
        [
            0.0,
            0.0,
            1.0
        ]
    ],
    "distortion_coefficients": [
        -0.32352104460553854,
        0.12960411743402694,
        -1.8015488175527894e-05,
        0.000289642806774004,
        -0.02646564497567793
    ],
    "img_size": [
        1280,
        720
    ]
}